SUBDIVISION,YEAR,JAN,FEB,MAR,APR,MAY,JUN,JUL,AUG,SEP,OCT,NOV,DEC,ANNUAL_RAINFALL,MONSOON_RAINFALL,RIVER_WATER_LEVEL_M,FLOOD_THRESHOLD_M,FLOODS
KERALA,1980,36.6,61.3,87.8,68.2,126.4,445.3,537.9,523.8,355.8,313.0,205.4,158.0,2919.5,1862.8,3.48,4.2,NO
KERALA,1981,40.0,37.3,72.5,86.8,133.1,318.4,580.1,425.7,323.3,210.9,164.5,138.7,2531.3,1647.5,2.88,4.2,NO
KERALA,1982,54.5,64.0,83.6,152.3,259.3,556.4,631.8,583.8,612.7,399.8,258.0,179.3,3835.5,2384.7,4.37,4.2,YES
KERALA,1983,56.5,61.0,91.3,115.3,188.4,525.7,456.3,536.9,417.2,259.3,185.6,214.8,3108.3,1936.1,3.21,4.2,NO
KERALA,1984,34.1,44.8,66.8,95.5,152.0,328.6,421.2,488.5,326.8,167.6,115.5,104.9,2346.3,1565.1,2.72,4.2,NO
KERALA,1985,50.4,67.4,101.3,120.4,216.8,465.3,646.9,593.7,400.2,356.6,200.1,189.8,3408.9,2106.1,3.85,4.2,NO
KERALA,1986,56.1,63.3,93.8,92.8,154.9,420.7,593.6,714.4,446.2,319.4,281.9,185.3,3422.4,2174.9,4.04,4.2,NO
KERALA,1987,40.7,55.4,94.3,79.0,194.2,495.2,555.7,424.0,464.5,266.7,204.7,171.0,3045.4,1939.4,3.73,4.2,NO
KERALA,1988,43.4,52.4,87.2,112.8,163.9,513.1,418.3,433.7,326.7,234.4,126.4,162.3,2674.6,1691.8,2.84,4.2,NO
KERALA,1989,46.2,60.4,99.1,155.6,172.3,347.4,341.3,534.8,348.4,242.8,155.7,147.8,2651.8,1571.9,2.86,4.2,NO
KERALA,1990,36.5,37.6,68.3,103.7,217.0,444.2,669.3,476.7,329.7,222.6,156.1,215.3,2977.0,1919.9,3.18,4.2,NO
KERALA,1991,48.4,53.2,67.2,96.1,134.2,433.2,482.4,377.2,298.1,256.6,213.1,148.0,2607.7,1590.9,2.65,4.2,NO
KERALA,1992,53.5,57.1,102.8,129.2,240.7,513.5,507.8,452.2,622.6,404.3,199.0,166.0,3448.7,2096.1,4.03,4.2,NO
KERALA,1993,41.5,66.2,76.6,115.3,176.0,507.2,785.2,586.4,515.1,187.2,196.1,145.4,3398.2,2393.9,4.09,4.2,YES
KERALA,1994,43.3,33.9,62.2,79.1,128.1,423.7,515.9,537.5,336.9,194.9,142.5,134.3,2632.3,1814.0,3.17,4.2,NO
KERALA,1995,44.6,74.7,95.6,84.6,149.0,305.2,485.1,528.4,486.8,223.4,151.2,91.1,2719.7,1805.5,3.09,4.2,NO
KERALA,1996,29.4,41.2,39.7,59.9,176.9,259.1,354.7,541.6,495.9,165.2,130.3,128.4,2422.3,1651.3,3.16,4.2,NO
KERALA,1997,42.8,48.6,58.4,85.6,103.7,347.7,453.1,456.7,315.6,244.6,177.7,133.9,2468.4,1573.1,2.71,4.2,NO
KERALA,1998,32.8,47.8,61.7,121.0,177.2,389.4,411.5,351.4,426.9,236.7,163.7,89.6,2509.7,1579.2,2.84,4.2,NO
KERALA,1999,29.4,40.3,54.0,71.0,115.5,296.2,417.8,473.7,161.2,184.4,132.5,117.2,2093.2,1348.9,2.09,4.2,NO
KERALA,2000,47.7,31.6,70.1,79.9,132.0,285.1,433.2,523.9,375.3,286.4,176.4,136.1,2577.7,1617.5,3.1,4.2,NO
KERALA,2001,36.1,46.3,55.6,104.9,110.2,420.7,466.7,538.9,404.2,303.9,172.7,94.8,2755.0,1830.5,3.16,4.2,NO
KERALA,2002,45.5,47.8,52.1,68.2,131.9,270.0,398.2,440.6,403.1,238.1,84.0,130.8,2310.3,1511.9,2.53,4.2,NO
KERALA,2003,27.5,46.9,80.7,73.1,203.2,451.2,639.0,458.3,468.4,313.2,182.5,158.2,3102.2,2016.9,3.62,4.2,NO
KERALA,2004,36.3,47.9,73.4,70.5,133.8,457.3,409.7,371.2,361.2,258.1,149.7,160.4,2529.5,1599.4,2.87,4.2,NO
KERALA,2005,64.8,52.8,48.7,137.3,153.6,450.0,714.7,379.1,330.2,195.0,156.5,170.8,2853.5,1874.0,3.37,4.2,NO
KERALA,2006,18.4,38.1,48.0,79.5,130.0,311.8,453.2,382.4,321.8,164.9,121.8,113.0,2182.9,1469.2,2.59,4.2,NO
KERALA,2007,49.6,61.2,99.9,78.0,146.5,369.5,383.0,534.0,552.2,296.8,216.0,216.2,3002.9,1838.7,3.47,4.2,NO
KERALA,2008,48.5,47.6,55.2,81.3,104.9,316.7,462.1,520.8,476.7,175.8,167.0,109.9,2566.5,1776.3,3.16,4.2,NO
KERALA,2009,37.9,34.7,48.9,61.2,105.1,338.2,397.4,401.4,322.9,241.2,121.9,82.7,2193.5,1459.9,2.63,4.2,NO
KERALA,2010,52.6,57.6,87.1,155.1,247.8,481.4,640.9,684.9,389.2,312.8,195.8,180.1,3485.3,2196.4,3.76,4.2,NO
KERALA,2011,26.3,36.3,52.1,103.8,145.0,263.6,443.9,356.6,292.0,204.5,146.6,107.3,2178.0,1356.1,2.41,4.2,NO
KERALA,2012,68.3,58.1,97.5,110.3,188.4,445.1,571.2,466.6,467.8,236.3,208.4,192.8,3110.8,1950.7,3.5,4.2,NO
KERALA,2013,50.8,75.4,60.1,117.9,126.6,380.1,848.7,728.8,437.1,235.5,100.4,168.2,3329.6,2394.7,4.85,4.2,YES
KERALA,2014,44.6,35.5,64.9,97.7,148.5,454.2,553.4,537.6,336.4,286.7,212.8,117.7,2890.0,1881.6,3.09,4.2,NO
KERALA,2015,57.3,50.5,96.2,109.3,175.6,566.9,541.8,443.4,392.6,296.9,131.4,176.8,3038.7,1944.7,3.3,4.2,NO
KERALA,2016,27.0,26.3,44.7,76.7,111.7,290.4,387.2,380.6,240.4,212.9,140.9,116.7,2055.5,1298.6,2.18,4.2,NO
KERALA,2017,59.8,68.8,87.5,115.3,172.7,492.9,759.1,750.8,571.8,314.0,282.2,238.5,3913.4,2574.6,4.68,4.2,YES
KERALA,2018,50.2,43.0,79.9,118.5,149.1,485.0,453.6,702.1,554.5,277.8,206.7,95.2,3215.6,2195.2,3.69,4.2,NO
KERALA,2019,41.6,60.1,48.4,73.0,140.8,459.3,363.9,449.0,456.5,155.3,113.4,117.9,2479.2,1728.7,2.85,4.2,NO
KERALA,2020,29.9,57.7,65.7,126.1,143.0,376.3,611.1,583.3,443.4,183.7,192.9,124.0,2937.1,2014.1,3.6,4.2,NO
KERALA,2021,37.2,40.1,81.8,105.8,141.8,530.0,507.0,510.1,425.4,231.7,188.6,136.2,2935.7,1972.5,3.38,4.2,NO
KERALA,2022,20.8,56.9,89.3,79.4,87.7,335.2,441.2,413.8,274.1,243.4,160.8,93.1,2295.7,1464.3,2.56,4.2,NO
KERALA,2023,35.2,43.8,69.4,60.2,141.4,336.7,632.4,423.4,454.6,180.1,165.7,137.3,2680.2,1847.1,3.02,4.2,NO
COASTAL ANDHRA PRADESH,1980,21.7,19.2,38.2,45.0,79.1,219.1,201.9,190.3,233.3,125.0,49.5,91.0,1313.3,844.6,3.52,3.8,NO
COASTAL ANDHRA PRADESH,1981,14.3,15.8,29.6,31.2,48.7,116.4,180.4,161.2,142.0,67.5,45.8,39.3,892.2,600.0,2.45,3.8,NO
COASTAL ANDHRA PRADESH,1982,17.9,24.6,30.9,53.0,42.3,159.7,211.2,131.9,149.7,97.3,74.8,80.8,1074.1,652.5,2.5,3.8,NO
COASTAL ANDHRA PRADESH,1983,21.0,17.5,24.7,45.4,62.3,190.9,223.5,232.4,134.3,105.9,68.1,47.9,1173.9,781.1,2.87,3.8,NO
COASTAL ANDHRA PRADESH,1984,13.9,20.1,34.2,23.5,45.7,137.5,273.0,209.2,181.2,81.4,54.5,63.9,1138.1,800.9,3.27,3.8,NO
COASTAL ANDHRA PRADESH,1985,19.4,22.8,35.1,49.4,48.0,106.5,276.5,261.9,140.9,73.8,75.3,74.9,1184.5,785.8,3.53,3.8,YES
COASTAL ANDHRA PRADESH,1986,13.1,18.7,24.5,29.7,78.1,198.8,237.4,151.5,167.6,104.1,67.2,66.1,1156.8,755.3,3.16,3.8,NO
COASTAL ANDHRA PRADESH,1987,18.7,14.4,29.8,37.0,49.7,221.9,292.6,255.9,172.0,131.4,70.6,63.3,1357.3,942.4,3.73,3.8,YES
COASTAL ANDHRA PRADESH,1988,14.3,22.2,30.7,57.7,79.5,180.8,247.0,219.5,167.9,90.2,72.6,56.0,1238.4,815.2,3.09,3.8,NO
COASTAL ANDHRA PRADESH,1989,13.2,22.9,38.3,54.2,84.7,189.7,209.3,183.0,193.2,124.9,96.0,80.9,1290.3,775.2,3.11,3.8,NO
COASTAL ANDHRA PRADESH,1990,18.3,20.3,26.2,42.9,58.6,150.6,235.0,190.1,171.1,110.6,55.9,55.6,1135.2,746.8,3.28,3.8,NO
COASTAL ANDHRA PRADESH,1991,15.3,14.4,21.4,45.4,71.3,183.0,298.5,117.1,193.4,148.6,61.7,62.5,1232.6,792.0,3.08,3.8,NO
COASTAL ANDHRA PRADESH,1992,18.1,23.0,22.6,45.1,53.1,183.2,179.4,172.0,143.3,135.9,66.4,43.6,1085.7,677.9,2.86,3.8,NO
COASTAL ANDHRA PRADESH,1993,19.4,20.1,29.2,39.0,64.8,173.5,137.5,217.8,128.1,74.1,66.0,58.7,1028.2,656.9,2.44,3.8,NO
COASTAL ANDHRA PRADESH,1994,13.2,15.3,23.5,34.9,42.8,155.7,182.5,109.6,86.1,85.3,54.7,48.5,852.1,533.9,1.98,3.8,NO
COASTAL ANDHRA PRADESH,1995,17.8,21.1,29.8,54.7,100.0,198.7,155.2,180.3,176.8,120.3,82.6,77.8,1215.1,711.0,2.77,3.8,NO
COASTAL ANDHRA PRADESH,1996,10.9,16.9,15.6,32.3,48.4,121.8,210.9,134.1,165.7,74.5,39.9,45.5,916.5,632.5,2.25,3.8,NO
COASTAL ANDHRA PRADESH,1997,17.6,17.1,31.4,45.1,73.9,169.5,252.6,123.6,140.9,81.1,65.4,49.8,1068.0,686.6,2.68,3.8,NO
COASTAL ANDHRA PRADESH,1998,14.0,15.0,22.0,30.4,51.6,152.1,213.7,160.2,134.3,61.9,51.2,52.7,959.1,660.3,2.75,3.8,NO
COASTAL ANDHRA PRADESH,1999,23.0,30.9,37.1,46.3,82.3,96.7,286.7,84.8,136.3,137.4,92.0,58.1,1111.6,604.5,2.19,3.8,NO
COASTAL ANDHRA PRADESH,2000,19.8,16.9,25.2,42.5,52.9,111.7,175.0,163.4,99.3,80.7,48.9,57.0,893.3,549.4,2.06,3.8,NO
COASTAL ANDHRA PRADESH,2001,15.6,20.0,20.5,28.4,65.9,134.2,141.5,189.0,151.7,65.2,62.5,58.9,953.4,616.4,2.45,3.8,NO
COASTAL ANDHRA PRADESH,2002,10.7,11.4,15.3,27.2,46.8,128.8,157.8,115.2,100.0,68.8,41.2,35.7,758.9,501.8,1.99,3.8,NO
COASTAL ANDHRA PRADESH,2003,12.1,17.4,21.8,32.3,53.6,117.6,187.8,162.6,94.7,98.6,47.5,31.8,877.8,562.7,1.92,3.8,NO
COASTAL ANDHRA PRADESH,2004,15.7,18.7,30.7,41.0,64.1,171.8,232.9,119.8,144.3,60.3,66.6,57.3,1023.2,668.8,2.83,3.8,NO
COASTAL ANDHRA PRADESH,2005,14.1,20.2,23.3,36.1,66.7,134.4,224.2,202.4,119.5,109.0,69.6,54.6,1074.1,680.5,2.54,3.8,NO
COASTAL ANDHRA PRADESH,2006,14.9,13.5,24.4,24.6,48.0,133.9,247.9,119.2,160.4,83.7,58.4,48.1,977.0,661.4,2.68,3.8,NO
COASTAL ANDHRA PRADESH,2007,18.5,29.2,29.7,46.6,59.7,211.1,322.2,232.2,181.7,96.8,77.4,49.9,1355.0,947.2,3.79,3.8,YES
COASTAL ANDHRA PRADESH,2008,31.4,22.4,43.7,50.7,74.3,217.0,266.7,247.8,180.1,93.5,60.2,80.7,1368.5,911.6,3.74,3.8,NO
COASTAL ANDHRA PRADESH,2009,17.2,18.6,22.1,42.8,70.8,158.2,223.7,214.5,168.8,100.1,66.6,57.0,1160.4,765.2,2.88,3.8,NO
COASTAL ANDHRA PRADESH,2010,12.0,20.7,26.8,41.3,48.7,106.9,169.1,165.7,132.1,100.8,52.2,51.4,927.7,573.8,1.99,3.8,NO
COASTAL ANDHRA PRADESH,2011,17.1,22.7,31.9,43.9,95.7,188.0,239.7,143.7,155.0,113.1,69.4,85.7,1205.9,726.4,2.87,3.8,NO
COASTAL ANDHRA PRADESH,2012,19.6,23.0,32.5,59.6,41.7,120.7,223.0,228.3,204.8,127.1,72.7,80.1,1233.1,776.8,3.34,3.8,NO
COASTAL ANDHRA PRADESH,2013,26.0,26.7,46.4,58.9,90.8,302.7,175.2,215.1,181.7,138.8,94.5,62.5,1419.3,874.7,3.43,3.8,NO
COASTAL ANDHRA PRADESH,2014,38.4,32.2,45.1,53.6,69.8,274.2,301.1,332.9,192.6,150.0,119.0,107.1,1716.0,1100.8,4.77,3.8,YES
COASTAL ANDHRA PRADESH,2015,16.7,26.0,32.4,34.2,67.4,200.8,274.1,221.6,232.0,138.1,74.4,76.7,1394.4,928.5,4.24,3.8,YES
COASTAL ANDHRA PRADESH,2016,12.8,23.3,20.7,27.3,51.3,159.4,190.7,158.0,125.8,80.2,51.6,75.0,976.1,633.9,2.52,3.8,NO
COASTAL ANDHRA PRADESH,2017,17.2,18.6,15.5,31.1,43.9,102.1,176.4,256.4,164.3,131.2,76.2,70.2,1103.1,699.2,2.6,3.8,NO
COASTAL ANDHRA PRADESH,2018,18.3,27.0,37.5,42.9,59.7,155.2,262.5,252.1,163.3,123.0,90.0,78.6,1310.1,833.1,3.71,3.8,NO
COASTAL ANDHRA PRADESH,2019,19.9,16.6,30.2,36.1,51.9,99.6,187.5,128.2,167.4,116.7,52.3,55.8,962.2,582.7,2.08,3.8,NO
COASTAL ANDHRA PRADESH,2020,18.5,29.3,28.3,51.2,69.4,205.6,216.7,215.1,170.0,94.8,83.3,72.0,1254.2,807.4,3.4,3.8,YES
COASTAL ANDHRA PRADESH,2021,18.3,25.2,29.1,46.1,64.3,245.5,265.4,220.4,223.0,71.9,50.1,77.9,1337.2,954.3,4.01,3.8,NO
COASTAL ANDHRA PRADESH,2022,13.7,22.4,26.2,33.0,46.3,123.1,107.1,167.4,147.5,58.9,48.3,37.6,831.5,545.1,1.85,3.8,NO
COASTAL ANDHRA PRADESH,2023,12.9,15.9,18.5,15.0,35.0,137.4,73.7,127.2,85.5,79.9,40.9,43.3,685.2,423.8,1.56,3.8,NO
ASSAM & MEGHALAYA,1980,42.3,34.8,80.1,79.7,130.5,381.1,360.4,480.9,433.8,250.0,113.1,134.2,2520.9,1656.2,3.46,4.5,NO
ASSAM & MEGHALAYA,1981,35.0,38.1,54.2,94.2,120.3,327.1,570.2,339.4,241.8,195.5,130.6,94.9,2241.3,1478.5,2.64,4.5,NO
ASSAM & MEGHALAYA,1982,36.0,58.0,67.8,92.4,167.5,307.7,558.8,650.6,419.6,232.0,150.8,133.2,2874.4,1936.7,3.91,4.5,NO
ASSAM & MEGHALAYA,1983,31.0,62.5,70.0,112.3,131.8,540.1,699.2,616.9,306.1,310.9,193.5,111.1,3185.4,2162.3,4.5,4.5,NO
ASSAM & MEGHALAYA,1984,51.3,62.7,104.8,141.5,88.2,452.8,610.6,396.8,471.6,365.1,159.9,182.7,3088.0,1931.8,3.75,4.5,NO
ASSAM & MEGHALAYA,1985,47.8,68.9,58.6,165.2,215.5,495.7,741.2,461.6,600.2,299.6,204.3,167.5,3526.1,2298.7,4.7,4.5,YES
ASSAM & MEGHALAYA,1986,45.9,49.2,74.7,88.5,210.9,284.8,637.9,596.8,324.3,345.1,193.6,167.2,3018.9,1843.8,3.75,4.5,NO
ASSAM & MEGHALAYA,1987,43.9,61.6,70.5,79.9,172.6,461.8,580.3,542.3,363.8,204.8,138.3,100.2,2820.0,1948.2,4.05,4.5,NO
ASSAM & MEGHALAYA,1988,17.9,35.7,76.8,78.8,149.7,277.9,611.4,435.7,376.5,326.4,195.2,125.6,2707.6,1701.5,3.27,4.5,NO
ASSAM & MEGHALAYA,1989,41.0,46.6,88.0,95.5,216.6,410.5,699.3,518.8,457.5,218.0,141.4,156.8,3090.0,2086.1,4.55,4.5,YES
ASSAM & MEGHALAYA,1990,28.0,33.1,42.2,88.3,163.6,357.8,278.8,418.0,336.2,306.6,109.5,119.6,2281.7,1390.8,3.04,4.5,NO
ASSAM & MEGHALAYA,1991,48.1,59.9,89.5,93.9,200.1,343.0,632.2,567.5,391.0,281.6,167.4,131.9,3006.1,1933.7,3.88,4.5,NO
ASSAM & MEGHALAYA,1992,33.1,56.5,54.8,87.5,135.8,499.7,560.1,468.4,424.5,155.4,165.7,196.7,2838.2,1952.7,4.03,4.5,NO
ASSAM & MEGHALAYA,1993,57.5,38.1,57.5,119.9,158.2,591.8,591.7,376.6,356.7,150.1,189.7,165.9,2853.7,1916.8,3.82,4.5,NO
ASSAM & MEGHALAYA,1994,43.5,33.1,83.0,115.1,173.6,510.1,448.9,712.3,346.2,305.3,124.9,129.4,3025.4,2017.5,4.5,4.5,NO
ASSAM & MEGHALAYA,1995,46.9,52.9,93.3,100.5,112.0,371.8,626.1,562.0,301.3,234.6,161.0,145.6,2808.0,1861.2,3.48,4.5,NO
ASSAM & MEGHALAYA,1996,41.7,50.3,59.4,79.4,137.6,301.9,368.0,354.8,302.6,173.7,150.7,143.6,2163.7,1327.3,2.15,4.5,NO
ASSAM & MEGHALAYA,1997,37.5,42.3,43.4,63.6,130.1,404.3,268.9,437.4,399.9,205.9,155.2,106.9,2295.4,1510.5,2.92,4.5,NO
ASSAM & MEGHALAYA,1998,26.7,22.6,35.0,40.0,62.6,214.1,251.6,284.9,230.8,145.1,95.4,101.8,1510.6,981.4,1.44,4.5,NO
ASSAM & MEGHALAYA,1999,49.6,36.1,63.5,117.3,161.6,404.1,491.5,438.6,396.5,231.3,160.3,142.0,2692.4,1730.7,3.32,4.5,NO
ASSAM & MEGHALAYA,2000,31.2,58.3,66.1,118.3,169.8,504.8,704.8,554.3,515.9,159.3,236.3,169.9,3289.0,2279.8,5.03,4.5,YES
ASSAM & MEGHALAYA,2001,32.1,37.5,54.8,87.3,78.3,355.8,397.2,351.9,214.9,204.9,70.8,121.2,2006.7,1319.8,2.15,4.5,NO
ASSAM & MEGHALAYA,2002,43.1,41.4,51.9,75.5,160.5,377.4,419.7,397.7,238.6,228.6,97.3,140.1,2271.8,1433.4,2.79,4.5,NO
ASSAM & MEGHALAYA,2003,29.6,48.0,61.1,61.7,115.2,292.1,402.1,308.1,277.4,129.1,123.8,113.2,1961.4,1279.7,2.34,4.5,NO
ASSAM & MEGHALAYA,2004,44.3,43.3,65.7,70.8,124.2,362.7,642.6,428.9,432.5,225.1,173.6,140.4,2754.1,1866.7,3.99,4.5,NO
ASSAM & MEGHALAYA,2005,22.5,32.6,38.8,75.2,100.8,414.1,261.2,362.9,223.2,164.1,123.1,60.5,1879.0,1261.4,2.4,4.5,NO
ASSAM & MEGHALAYA,2006,38.9,52.8,60.0,77.5,80.3,400.2,460.5,354.1,354.3,199.3,134.3,142.7,2354.9,1569.1,2.78,4.5,NO
ASSAM & MEGHALAYA,2007,27.9,51.2,63.5,75.2,96.5,277.2,406.7,372.2,291.0,189.1,121.9,81.4,2053.8,1347.1,2.44,4.5,NO
ASSAM & MEGHALAYA,2008,31.7,33.6,55.9,71.3,152.5,346.6,317.9,429.7,263.9,176.7,138.9,103.8,2122.5,1358.1,2.78,4.5,NO
ASSAM & MEGHALAYA,2009,33.2,40.6,75.2,97.8,180.6,512.7,388.6,445.0,277.1,194.4,133.6,105.7,2484.5,1623.4,2.98,4.5,NO
ASSAM & MEGHALAYA,2010,37.8,32.8,82.3,70.3,121.8,243.0,542.8,459.6,322.3,149.0,136.1,90.7,2288.5,1567.7,3.41,4.5,NO
ASSAM & MEGHALAYA,2011,25.1,44.1,83.6,126.9,196.4,307.9,596.3,616.1,292.3,267.5,187.4,146.4,2890.0,1812.6,3.25,4.5,NO
ASSAM & MEGHALAYA,2012,42.6,47.2,67.1,101.4,173.3,399.9,513.5,519.1,267.2,285.1,175.0,152.8,2744.2,1699.7,3.61,4.5,NO
ASSAM & MEGHALAYA,2013,31.7,36.2,51.9,64.6,124.0,340.9,415.8,335.8,174.9,206.3,147.4,116.8,2046.3,1267.4,2.16,4.5,NO
ASSAM & MEGHALAYA,2014,61.6,48.6,76.9,127.3,178.1,371.3,654.4,619.3,455.8,299.9,183.3,211.0,3287.5,2100.8,4.16,4.5,NO
ASSAM & MEGHALAYA,2015,53.2,40.3,58.5,67.9,169.4,354.7,541.6,599.8,379.3,287.1,173.9,178.5,2904.2,1875.4,3.93,4.5,NO
ASSAM & MEGHALAYA,2016,46.3,50.1,48.6,101.7,115.0,472.7,584.9,478.6,374.2,225.1,175.0,126.1,2798.3,1910.4,3.96,4.5,NO
ASSAM & MEGHALAYA,2017,32.4,34.3,49.0,57.0,151.0,466.3,579.2,300.3,384.0,274.3,133.6,128.5,2589.9,1729.8,3.02,4.5,NO
ASSAM & MEGHALAYA,2018,42.8,35.7,75.6,114.2,130.2,317.8,320.4,459.1,345.4,178.8,178.8,131.7,2330.5,1442.7,2.54,4.5,NO
ASSAM & MEGHALAYA,2019,54.1,57.2,90.4,90.1,180.1,484.5,566.2,614.3,391.7,319.9,214.7,80.4,3143.6,2056.7,4.52,4.5,NO
ASSAM & MEGHALAYA,2020,45.1,43.1,46.7,71.4,165.5,240.9,580.6,440.0,279.2,204.6,124.5,152.7,2394.3,1540.7,3.18,4.5,NO
ASSAM & MEGHALAYA,2021,35.4,62.0,52.9,126.0,152.8,320.4,466.2,418.5,301.5,255.8,130.6,88.3,2410.4,1506.6,2.85,4.5,NO
ASSAM & MEGHALAYA,2022,30.3,36.6,82.0,85.3,138.5,237.9,404.3,438.4,275.4,252.6,113.4,119.0,2213.7,1356.0,2.44,4.5,NO
ASSAM & MEGHALAYA,2023,30.9,37.3,47.0,82.4,124.2,308.9,379.4,433.2,290.2,184.1,132.3,146.9,2196.8,1411.7,2.41,4.5,NO
WEST BENGAL,1980,20.7,30.7,36.2,48.0,65.8,194.0,241.4,199.9,176.6,124.1,68.8,59.2,1265.4,811.9,1.77,4.0,NO
WEST BENGAL,1981,28.1,38.0,45.6,67.3,104.2,256.3,308.8,439.8,231.1,142.4,116.2,97.7,1875.5,1236.0,3.15,4.0,NO
WEST BENGAL,1982,19.6,35.7,45.5,44.2,118.7,265.1,310.0,367.9,235.4,146.4,86.4,93.9,1768.8,1178.4,3.33,4.0,NO
WEST BENGAL,1983,26.6,30.8,33.0,44.6,105.1,133.7,341.8,277.5,300.1,142.3,116.4,83.8,1635.7,1053.1,2.85,4.0,NO
WEST BENGAL,1984,31.4,26.2,46.7,72.4,109.1,345.7,290.5,233.2,203.8,178.5,115.9,93.9,1747.3,1073.2,2.67,4.0,NO
WEST BENGAL,1985,31.4,47.3,46.2,67.1,86.9,169.5,293.7,243.7,179.5,204.4,109.1,96.3,1575.1,886.4,2.23,4.0,NO
WEST BENGAL,1986,36.7,48.5,59.3,80.8,101.0,229.7,445.4,434.9,264.7,220.0,149.0,78.3,2148.3,1374.7,3.7,4.0,YES
WEST BENGAL,1987,23.5,36.7,58.6,79.0,107.1,263.1,333.8,375.9,287.1,198.5,121.7,118.2,2003.2,1259.9,3.52,4.0,NO
WEST BENGAL,1988,27.9,26.4,69.5,79.7,82.7,275.0,470.9,361.6,276.6,245.2,105.9,96.9,2118.3,1384.1,3.95,4.0,YES
WEST BENGAL,1989,33.4,35.7,52.1,63.9,106.5,283.1,378.1,381.8,295.0,173.8,98.2,100.8,2002.4,1338.0,3.75,4.0,YES
WEST BENGAL,1990,32.2,45.9,70.7,84.5,185.3,320.4,476.8,355.3,310.9,223.0,163.9,130.4,2399.3,1463.4,4.42,4.0,YES
WEST BENGAL,1991,38.7,33.4,37.7,53.1,79.2,293.7,307.7,310.3,239.9,176.5,88.2,72.7,1731.1,1151.6,3.2,4.0,NO
WEST BENGAL,1992,21.3,33.6,36.1,52.8,76.1,298.1,352.6,323.3,285.6,225.8,69.2,75.1,1849.6,1259.6,3.38,4.0,NO
WEST BENGAL,1993,19.9,19.7,37.1,49.5,83.7,221.7,295.0,228.7,271.0,131.4,55.9,59.7,1473.3,1016.4,2.36,4.0,NO
WEST BENGAL,1994,24.3,43.4,48.6,70.0,81.0,210.4,338.4,319.3,164.9,154.1,106.4,88.4,1649.2,1033.0,2.6,4.0,NO
WEST BENGAL,1995,22.4,29.3,43.8,48.6,74.0,229.3,309.2,236.5,234.5,155.2,108.4,100.6,1591.8,1009.5,2.52,4.0,NO
WEST BENGAL,1996,24.4,26.4,30.4,59.0,78.6,244.1,270.0,232.7,241.9,153.3,109.9,120.1,1590.8,988.7,2.68,4.0,NO
WEST BENGAL,1997,15.9,32.0,28.8,39.3,75.5,197.2,220.0,228.6,236.4,106.4,62.1,84.1,1326.3,882.2,2.37,4.0,NO
WEST BENGAL,1998,16.3,22.4,38.0,35.8,68.1,204.5,136.5,261.0,138.6,119.9,78.8,78.2,1198.1,740.6,1.92,4.0,NO
WEST BENGAL,1999,22.1,24.9,38.9,57.3,87.5,200.0,182.0,230.4,215.9,103.8,95.8,86.8,1345.4,828.3,2.12,4.0,NO
WEST BENGAL,2000,22.4,18.1,17.9,47.8,61.5,194.1,222.7,211.5,166.5,113.1,94.4,68.2,1238.2,794.8,1.67,4.0,NO
WEST BENGAL,2001,33.9,30.9,56.2,75.9,149.5,233.0,320.8,307.2,237.1,140.4,56.0,89.0,1729.9,1098.1,3.05,4.0,NO
WEST BENGAL,2002,26.2,38.6,45.5,69.9,100.5,314.4,333.9,331.6,259.6,148.5,112.0,126.8,1907.5,1239.5,3.38,4.0,NO
WEST BENGAL,2003,32.4,32.3,25.5,68.5,59.1,328.2,350.4,369.6,209.9,116.1,112.4,92.5,1796.9,1258.1,3.4,4.0,NO
WEST BENGAL,2004,38.6,47.9,64.5,99.3,119.0,204.7,411.2,449.3,258.9,195.2,117.7,148.0,2154.3,1324.1,3.86,4.0,NO
WEST BENGAL,2005,23.5,29.4,31.0,33.4,89.0,241.7,364.4,353.6,282.8,116.3,88.5,89.0,1742.6,1242.5,3.95,4.0,YES
WEST BENGAL,2006,27.4,29.7,56.0,55.0,103.2,278.4,479.2,321.1,153.9,192.4,102.8,102.7,1901.8,1232.6,3.4,4.0,NO
WEST BENGAL,2007,20.9,31.4,53.9,59.8,75.1,312.1,438.8,333.5,174.0,194.9,80.8,105.4,1880.6,1258.4,3.32,4.0,NO
WEST BENGAL,2008,26.5,29.0,50.4,58.7,118.0,277.8,303.0,269.4,179.6,172.7,102.4,54.3,1641.8,1029.8,2.65,4.0,NO
WEST BENGAL,2009,25.4,32.5,73.2,106.3,116.3,313.8,515.4,248.3,227.3,208.7,187.4,117.0,2171.6,1304.8,3.67,4.0,NO
WEST BENGAL,2010,33.3,44.5,82.3,63.0,161.5,293.5,479.5,414.7,287.1,183.6,156.1,152.0,2351.1,1474.8,4.18,4.0,NO
WEST BENGAL,2011,24.0,39.6,55.7,99.7,99.5,258.1,419.6,389.6,245.4,161.9,127.7,85.9,2006.7,1312.7,3.59,4.0,NO
WEST BENGAL,2012,32.2,28.9,39.4,65.1,101.0,339.1,359.3,367.7,289.9,199.3,178.7,140.0,2140.6,1356.0,3.82,4.0,NO
WEST BENGAL,2013,27.5,34.4,36.2,60.9,60.3,260.2,373.6,287.3,321.2,130.9,107.8,89.3,1789.6,1242.3,3.43,4.0,NO
WEST BENGAL,2014,31.6,41.0,45.6,73.3,87.7,301.1,299.2,382.1,357.2,160.7,66.3,85.5,1931.3,1339.6,4.01,4.0,YES
WEST BENGAL,2015,32.0,35.4,55.1,73.8,126.7,279.1,399.5,298.9,225.7,212.7,112.7,107.6,1959.2,1203.2,3.34,4.0,NO
WEST BENGAL,2016,34.5,36.2,31.6,61.5,132.7,254.7,234.7,428.7,287.2,162.4,102.3,113.5,1880.0,1205.3,3.22,4.0,NO
WEST BENGAL,2017,30.5,36.0,47.1,80.9,90.4,199.8,410.7,379.3,296.1,188.0,110.1,115.6,1984.5,1285.9,3.58,4.0,YES
WEST BENGAL,2018,39.5,23.9,52.6,47.2,104.2,258.3,229.3,361.8,252.0,108.2,133.4,126.4,1736.8,1101.4,3.29,4.0,NO
WEST BENGAL,2019,31.2,39.4,50.6,48.9,95.8,263.1,215.4,319.1,331.7,168.7,127.6,90.3,1781.8,1129.3,3.06,4.0,NO
WEST BENGAL,2020,17.6,31.4,44.3,40.9,91.8,203.0,286.7,269.5,234.7,129.9,107.0,78.1,1534.9,993.9,2.76,4.0,NO
WEST BENGAL,2021,35.7,44.5,38.9,65.4,147.4,334.3,273.0,455.3,276.9,247.4,129.4,118.2,2166.4,1339.5,4.0,4.0,YES
WEST BENGAL,2022,22.9,32.8,30.1,38.8,100.1,204.8,279.8,184.6,194.7,142.4,111.0,70.9,1412.9,863.9,2.55,4.0,NO
WEST BENGAL,2023,27.4,26.7,32.2,48.6,97.7,261.9,231.6,248.1,203.3,105.8,84.9,74.4,1442.6,944.9,2.71,4.0,NO
BIHAR,1980,24.5,22.8,32.3,52.7,66.1,215.5,251.3,194.1,155.7,152.4,78.3,90.5,1336.2,816.6,2.76,3.6,NO
BIHAR,1981,22.2,21.7,56.3,54.5,100.2,237.2,364.2,265.3,247.7,177.9,89.8,83.1,1720.1,1114.4,4.03,3.6,YES
BIHAR,1982,16.8,18.4,26.1,38.3,53.3,179.1,262.7,176.2,167.3,94.6,70.3,73.2,1176.3,785.3,2.81,3.6,NO
BIHAR,1983,28.2,26.6,45.4,47.2,62.1,229.0,200.1,257.9,265.6,91.0,71.1,65.2,1389.4,952.6,3.41,3.6,NO
BIHAR,1984,27.2,30.4,39.8,58.1,72.0,259.4,235.6,312.0,263.3,144.8,90.1,86.4,1619.1,1070.3,3.39,3.6,YES
BIHAR,1985,18.9,25.8,31.4,35.4,68.3,186.9,247.0,229.3,211.6,92.2,78.8,81.6,1307.2,874.8,2.78,3.6,NO
BIHAR,1986,17.9,19.3,31.0,59.6,54.3,146.3,185.9,293.2,164.0,114.5,71.1,55.2,1212.3,789.4,2.7,3.6,NO
BIHAR,1987,19.9,31.5,33.3,37.3,102.0,274.6,353.7,251.0,212.8,160.0,100.6,75.7,1652.4,1092.1,3.7,3.6,YES
BIHAR,1988,20.3,34.7,45.8,68.6,109.9,219.1,232.7,273.2,280.5,140.3,90.7,60.4,1576.2,1005.5,3.95,3.6,YES
BIHAR,1989,24.4,27.6,33.1,47.1,70.4,296.4,289.8,222.4,210.4,102.1,105.7,63.5,1492.9,1019.0,3.78,3.6,YES
BIHAR,1990,20.8,24.6,33.7,42.7,68.8,249.9,253.6,204.5,172.9,146.8,91.6,77.9,1387.8,880.9,3.07,3.6,NO
BIHAR,1991,16.9,25.0,34.2,34.0,55.0,174.7,294.3,135.5,173.7,80.0,62.8,57.4,1143.5,778.2,2.62,3.6,NO
BIHAR,1992,17.1,16.7,36.0,50.1,79.9,132.2,252.5,247.6,143.8,113.7,74.1,87.3,1251.0,776.1,3.03,3.6,NO
BIHAR,1993,20.2,34.1,47.3,46.3,96.4,228.9,336.4,293.5,273.9,146.9,93.7,100.2,1717.8,1132.7,4.27,3.6,YES
BIHAR,1994,11.6,15.4,21.2,38.1,61.7,134.5,228.0,208.1,139.4,73.2,73.5,49.1,1053.8,710.0,2.43,3.6,NO
BIHAR,1995,10.6,19.3,20.7,52.2,42.6,108.0,199.6,214.8,136.3,95.5,38.6,43.9,982.1,658.7,2.0,3.6,NO
BIHAR,1996,9.4,14.4,23.8,31.3,62.1,161.1,232.3,209.3,177.7,94.8,66.7,59.8,1142.7,780.4,2.73,3.6,NO
BIHAR,1997,13.7,20.8,26.4,33.1,52.0,121.7,239.9,190.5,127.0,110.7,57.9,41.7,1035.4,679.1,2.46,3.6,NO
BIHAR,1998,14.6,21.0,24.2,26.5,58.3,127.8,245.8,168.9,80.8,92.5,78.2,64.4,1003.0,623.3,2.38,3.6,NO
BIHAR,1999,15.9,22.8,23.5,37.7,58.9,205.3,264.9,223.9,129.1,103.5,63.3,73.3,1222.1,823.2,3.09,3.6,NO
BIHAR,2000,6.5,10.5,26.9,27.8,40.8,161.1,200.1,150.7,113.7,75.4,53.6,57.4,924.5,625.6,2.13,3.6,NO
BIHAR,2001,15.3,26.4,30.5,24.7,43.8,152.8,268.5,230.4,186.6,156.9,59.7,66.7,1262.3,838.3,3.0,3.6,NO
BIHAR,2002,11.3,23.8,23.1,50.4,57.7,181.2,198.5,183.5,132.1,97.0,66.9,47.1,1072.6,695.3,2.33,3.6,NO
BIHAR,2003,20.3,31.6,33.2,50.4,57.6,183.3,271.1,309.2,200.1,154.5,92.0,92.4,1495.7,963.7,3.45,3.6,NO
BIHAR,2004,12.5,13.6,34.2,38.7,49.8,171.0,205.6,228.1,97.2,82.5,53.0,32.3,1018.5,701.9,2.57,3.6,NO
BIHAR,2005,27.5,21.7,29.8,46.1,83.5,167.8,217.1,268.5,192.7,73.3,60.3,85.1,1273.4,846.1,3.05,3.6,NO
BIHAR,2006,17.0,23.0,21.3,33.5,65.1,160.6,236.3,153.7,168.0,121.4,73.6,60.1,1133.6,718.6,2.43,3.6,NO
BIHAR,2007,20.4,19.5,23.3,35.4,63.2,150.0,229.1,212.3,180.1,125.4,78.5,48.0,1185.2,771.5,2.5,3.6,NO
BIHAR,2008,12.3,17.1,23.6,31.8,53.6,181.7,203.5,261.4,149.2,88.2,62.1,56.2,1140.7,795.8,2.84,3.6,NO
BIHAR,2009,20.8,22.4,21.5,47.8,81.1,147.2,227.7,144.8,130.0,128.4,66.0,50.0,1087.7,649.7,2.2,3.6,NO
BIHAR,2010,19.2,16.1,23.7,40.7,73.0,200.5,189.1,231.3,136.0,135.2,54.0,72.9,1191.7,756.9,2.49,3.6,NO
BIHAR,2011,17.6,23.4,41.0,59.8,78.0,210.0,310.3,257.5,154.3,110.4,89.9,91.1,1443.3,932.1,3.62,3.6,NO
BIHAR,2012,22.8,21.2,32.6,39.9,57.1,205.9,263.0,263.4,205.9,125.8,88.4,69.1,1395.1,938.2,3.43,3.6,NO
BIHAR,2013,21.6,20.3,32.4,39.8,63.8,148.3,299.2,267.5,196.9,156.4,74.3,103.1,1423.6,911.9,3.21,3.6,NO
BIHAR,2014,19.9,25.8,30.5,57.5,71.4,189.2,197.7,234.1,170.0,99.7,64.2,95.8,1255.8,791.0,2.7,3.6,NO
BIHAR,2015,18.8,25.0,34.7,49.6,61.4,194.5,202.2,196.5,147.7,89.4,90.3,73.9,1184.0,740.9,2.71,3.6,NO
BIHAR,2016,16.9,34.2,42.4,64.1,96.7,196.2,228.3,251.0,253.8,166.5,74.4,70.4,1494.9,929.3,3.19,3.6,NO
BIHAR,2017,11.5,15.7,26.1,28.3,55.3,177.2,149.4,173.0,170.2,85.4,55.2,64.6,1011.9,669.8,2.19,3.6,NO
BIHAR,2018,19.1,26.6,36.0,56.4,67.4,198.7,255.6,268.2,155.3,144.8,88.5,54.0,1370.6,877.8,3.32,3.6,NO
BIHAR,2019,29.2,28.3,27.2,36.2,89.1,200.7,245.9,268.1,241.0,103.0,85.5,102.5,1456.7,955.7,3.24,3.6,NO
BIHAR,2020,18.1,23.7,31.1,44.7,47.8,191.0,176.5,201.0,160.8,107.4,69.8,48.4,1120.3,729.3,2.25,3.6,NO
BIHAR,2021,22.1,21.8,22.8,50.1,62.6,187.7,204.7,276.5,143.8,103.1,74.6,50.9,1220.7,812.7,2.9,3.6,NO
BIHAR,2022,17.9,10.1,27.7,36.8,52.3,193.1,199.3,188.8,145.4,65.7,53.2,68.0,1058.3,726.6,2.1,3.6,NO
BIHAR,2023,20.8,21.6,23.7,45.6,50.3,180.8,151.5,220.4,137.0,77.4,60.9,57.6,1047.6,689.7,2.24,3.6,NO
TAMIL NADU,1980,11.8,13.8,17.6,22.9,40.1,113.2,185.1,145.4,116.9,99.5,46.6,40.2,853.1,560.6,2.25,3.2,NO
TAMIL NADU,1981,11.9,17.6,21.2,31.4,57.6,146.7,161.5,134.8,147.6,89.8,37.3,43.0,900.4,590.6,2.3,3.2,NO
TAMIL NADU,1982,19.9,25.1,31.8,38.7,66.0,183.2,237.8,145.6,163.7,114.5,71.7,62.6,1160.6,730.3,3.0,3.2,NO
TAMIL NADU,1983,10.2,14.8,23.6,28.9,29.3,100.5,143.8,130.7,111.1,54.4,43.9,40.5,731.7,486.1,1.92,3.2,NO
TAMIL NADU,1984,8.5,17.7,25.1,31.7,62.8,159.2,125.0,201.6,129.3,108.5,51.2,58.0,978.6,615.1,2.34,3.2,NO
TAMIL NADU,1985,16.1,14.7,20.7,35.3,61.8,145.4,238.0,187.1,130.2,96.2,70.3,62.0,1077.8,700.7,3.09,3.2,NO
TAMIL NADU,1986,19.9,22.0,28.0,31.0,61.4,143.8,161.0,184.3,139.7,122.3,81.7,53.5,1048.6,628.8,2.41,3.2,NO
TAMIL NADU,1987,15.5,20.0,21.1,40.2,38.6,108.7,207.1,220.0,147.3,86.3,35.1,32.0,971.9,683.1,2.73,3.2,NO
TAMIL NADU,1988,12.0,14.6,23.2,28.5,53.3,115.3,147.7,165.5,91.6,107.6,50.8,44.1,854.2,520.1,2.03,3.2,NO
TAMIL NADU,1989,12.4,26.2,27.3,41.5,49.2,184.6,195.0,207.1,154.4,140.9,94.7,61.0,1194.3,741.1,2.99,3.2,NO
TAMIL NADU,1990,16.2,19.0,33.7,36.2,62.5,118.7,245.0,270.3,181.0,130.1,58.2,62.0,1232.9,815.0,3.17,3.2,NO
TAMIL NADU,1991,16.6,14.6,20.7,28.6,65.0,216.1,257.1,125.2,191.0,114.3,47.1,53.4,1149.7,789.4,3.38,3.2,NO
TAMIL NADU,1992,11.4,7.6,16.4,28.8,37.7,90.3,150.8,140.7,118.3,71.2,49.0,40.3,762.5,500.1,1.89,3.2,NO
TAMIL NADU,1993,9.9,12.6,20.1,31.0,58.7,122.0,190.2,177.2,113.8,84.5,48.7,54.6,923.3,603.2,2.44,3.2,NO
TAMIL NADU,1994,19.1,17.1,26.6,37.8,44.0,155.9,140.1,152.9,164.5,94.3,55.8,55.3,963.4,613.4,2.37,3.2,NO
TAMIL NADU,1995,13.7,19.1,24.9,26.3,48.3,195.9,214.0,140.4,106.6,92.9,81.0,52.9,1016.0,656.9,2.79,3.2,NO
TAMIL NADU,1996,10.7,19.8,22.1,38.1,44.2,140.8,190.1,160.1,141.3,80.6,49.9,63.1,960.8,632.3,2.64,3.2,NO
TAMIL NADU,1997,12.3,13.4,28.1,23.0,60.8,131.1,173.2,178.0,146.5,72.6,64.2,50.3,953.5,628.8,2.25,3.2,NO
TAMIL NADU,1998,19.8,20.6,19.9,38.7,64.4,166.5,220.2,189.3,140.3,81.4,40.1,56.0,1057.2,716.3,2.89,3.2,NO
TAMIL NADU,1999,10.6,15.6,16.0,21.9,36.7,125.2,98.0,114.7,75.8,51.3,37.6,40.8,644.2,413.7,1.74,3.2,NO
TAMIL NADU,2000,15.4,11.8,15.9,16.9,48.8,120.8,193.5,93.1,125.4,64.7,48.8,26.0,781.1,532.8,2.24,3.2,NO
TAMIL NADU,2001,13.7,12.7,18.3,26.2,29.9,136.8,188.5,124.9,121.5,70.0,51.9,37.7,832.1,571.7,2.05,3.2,NO
TAMIL NADU,2002,16.6,14.7,16.9,34.6,49.6,132.8,186.8,125.0,110.8,70.6,37.3,40.1,835.8,555.4,2.32,3.2,NO
TAMIL NADU,2003,6.8,14.7,15.4,19.4,32.8,66.8,149.9,102.1,109.6,57.0,47.4,34.2,656.1,428.4,1.65,3.2,NO
TAMIL NADU,2004,15.6,16.9,32.9,28.7,53.9,142.5,199.7,158.2,145.0,85.5,42.1,51.0,972.0,645.4,2.35,3.2,NO
TAMIL NADU,2005,15.1,18.2,25.4,21.1,38.3,181.3,142.2,179.2,113.2,84.2,49.0,52.8,920.0,615.9,2.41,3.2,NO
TAMIL NADU,2006,12.4,11.1,21.2,40.6,53.9,129.1,147.5,89.8,84.1,87.3,40.6,35.8,753.4,450.5,1.59,3.2,NO
TAMIL NADU,2007,11.0,11.2,16.1,22.3,44.7,103.2,136.6,144.0,101.3,63.5,48.3,43.3,745.5,485.1,1.76,3.2,NO
TAMIL NADU,2008,9.7,15.7,20.7,29.0,44.2,111.9,163.6,156.5,124.7,67.6,57.4,41.4,842.4,556.7,2.22,3.2,NO
TAMIL NADU,2009,13.8,21.5,40.2,34.7,59.2,141.6,184.1,237.6,130.7,87.4,45.5,47.7,1044.0,694.0,2.48,3.2,NO
TAMIL NADU,2010,21.8,19.6,45.2,47.3,105.6,214.1,262.0,263.6,247.5,134.3,85.0,78.0,1524.0,987.2,3.92,3.2,YES
TAMIL NADU,2011,9.0,13.3,17.1,25.2,35.4,114.2,144.2,123.0,106.3,66.4,35.9,25.6,715.6,487.7,1.86,3.2,NO
TAMIL NADU,2012,16.6,20.1,36.1,46.1,48.5,206.4,168.9,193.7,232.1,159.5,62.5,65.2,1255.7,801.1,3.26,3.2,NO
TAMIL NADU,2013,14.7,24.6,24.9,42.3,43.2,150.3,142.5,151.6,172.4,95.4,60.5,48.1,970.5,616.8,2.36,3.2,NO
TAMIL NADU,2014,10.1,19.5,32.8,43.8,75.2,193.7,228.9,201.9,170.6,138.4,66.4,65.5,1246.8,795.1,3.26,3.2,NO
TAMIL NADU,2015,17.2,21.5,24.1,32.9,50.5,134.9,213.9,177.8,142.4,70.0,48.3,70.3,1003.8,669.0,2.61,3.2,NO
TAMIL NADU,2016,20.9,26.3,32.3,43.7,70.6,144.2,247.6,244.1,247.2,121.0,46.1,67.7,1311.7,883.1,4.08,3.2,YES
TAMIL NADU,2017,16.5,15.5,18.8,32.6,55.5,95.4,149.5,174.0,128.7,95.6,46.5,58.2,886.8,547.6,1.88,3.2,NO
TAMIL NADU,2018,9.4,15.1,25.4,28.9,47.4,113.8,121.2,124.9,85.7,54.2,50.4,32.5,708.9,445.6,1.65,3.2,NO
TAMIL NADU,2019,15.6,25.7,30.1,48.7,54.1,166.6,178.0,184.2,151.7,89.0,53.3,44.1,1041.1,680.5,2.32,3.2,NO
TAMIL NADU,2020,11.8,15.0,36.5,34.2,64.2,178.5,234.7,140.2,148.1,70.4,95.4,40.9,1069.9,701.5,2.62,3.2,NO
TAMIL NADU,2021,13.5,18.8,16.6,19.4,23.8,100.6,130.0,112.1,105.6,69.9,46.1,35.6,692.0,448.3,1.43,3.2,NO
TAMIL NADU,2022,15.3,18.1,16.4,22.8,41.8,103.3,189.8,163.6,147.5,84.8,54.7,55.6,913.7,604.2,2.41,3.2,NO
TAMIL NADU,2023,17.0,18.9,23.6,43.8,74.7,159.7,260.9,125.5,154.0,99.3,58.0,82.6,1118.0,700.1,2.77,3.2,NO
GUJARAT REGION,1980,7.8,12.7,24.0,25.3,38.2,146.2,192.4,156.0,104.9,70.3,41.9,34.8,854.5,599.5,2.32,3.0,NO
GUJARAT REGION,1981,7.1,12.4,17.3,30.3,32.1,101.3,133.1,110.8,105.3,68.0,42.1,32.9,692.7,450.5,1.7,3.0,NO
GUJARAT REGION,1982,10.5,11.3,21.3,33.6,36.3,120.3,122.0,130.5,96.8,78.7,41.6,48.5,751.4,469.6,1.81,3.0,NO
GUJARAT REGION,1983,10.4,13.9,17.4,32.6,45.9,91.0,119.0,126.0,78.9,72.3,42.4,36.1,685.9,414.9,1.68,3.0,NO
GUJARAT REGION,1984,15.5,24.2,31.0,34.8,58.2,158.6,213.8,139.8,106.9,79.9,52.4,48.6,963.7,619.1,2.67,3.0,NO
GUJARAT REGION,1985,10.9,15.4,25.8,36.1,44.6,139.0,247.1,162.5,114.2,81.2,56.8,47.1,980.7,662.8,2.78,3.0,NO
GUJARAT REGION,1986,10.8,12.9,16.6,25.1,41.2,124.6,138.2,138.9,93.6,73.5,47.4,44.5,767.3,495.3,2.08,3.0,NO
GUJARAT REGION,1987,15.6,21.4,22.0,30.9,56.5,155.2,161.1,171.9,137.0,53.9,57.4,50.3,933.2,625.2,2.58,3.0,NO
GUJARAT REGION,1988,8.8,6.6,15.8,22.4,34.5,120.0,151.4,122.4,90.1,73.6,41.2,30.6,717.4,483.9,1.66,3.0,NO
GUJARAT REGION,1989,22.5,19.4,22.9,29.3,64.4,105.3,222.3,213.7,160.7,92.0,70.4,57.1,1080.0,702.0,2.86,3.0,YES
GUJARAT REGION,1990,14.3,8.5,25.7,37.0,46.2,133.4,174.8,129.4,128.6,64.3,44.7,52.3,859.2,566.2,2.46,3.0,NO
GUJARAT REGION,1991,10.1,15.6,15.7,28.5,47.7,109.1,171.7,126.5,103.0,56.7,54.3,34.3,773.2,510.3,2.1,3.0,NO
GUJARAT REGION,1992,8.3,14.0,16.2,17.9,36.3,88.2,192.5,115.0,81.5,70.6,25.1,33.0,698.6,477.2,2.18,3.0,NO
GUJARAT REGION,1993,7.5,12.3,14.5,16.1,26.1,70.6,109.6,117.6,90.2,52.7,24.7,21.4,563.3,388.0,1.53,3.0,NO
GUJARAT REGION,1994,12.5,11.3,16.2,27.3,47.6,136.9,167.1,140.6,96.1,57.6,43.2,44.3,800.7,540.7,2.24,3.0,NO
GUJARAT REGION,1995,11.9,11.9,12.1,32.4,35.5,100.7,132.2,106.1,79.0,80.8,46.0,38.8,687.4,418.0,1.68,3.0,NO
GUJARAT REGION,1996,12.9,19.2,17.9,22.5,59.0,125.7,123.8,194.8,196.3,114.2,58.1,52.8,997.2,640.6,2.81,3.0,NO
GUJARAT REGION,1997,9.5,11.9,17.2,21.4,33.7,113.4,144.9,119.0,114.8,52.5,48.6,35.8,722.7,492.1,2.45,3.0,NO
GUJARAT REGION,1998,9.6,11.5,20.1,18.3,38.1,104.3,127.4,86.1,104.4,65.4,39.6,32.1,656.9,422.2,1.65,3.0,NO
GUJARAT REGION,1999,12.6,12.8,17.0,25.3,47.9,120.8,165.3,159.8,104.0,95.3,47.8,40.2,848.8,549.9,2.31,3.0,NO
GUJARAT REGION,2000,10.7,7.5,18.2,27.0,31.2,92.7,138.6,97.3,98.3,48.0,33.3,27.0,629.8,426.9,1.69,3.0,NO
GUJARAT REGION,2001,8.5,10.6,19.6,34.2,43.2,98.8,158.4,122.7,95.6,54.6,55.1,20.7,722.0,475.5,1.99,3.0,NO
GUJARAT REGION,2002,14.4,11.5,16.1,25.1,43.4,98.0,99.9,108.4,126.5,66.9,47.6,36.4,694.2,432.8,1.57,3.0,NO
GUJARAT REGION,2003,9.8,15.3,15.4,22.1,39.0,102.6,140.8,170.5,105.1,36.4,45.0,37.1,739.1,519.0,2.09,3.0,NO
GUJARAT REGION,2004,12.1,16.3,18.4,23.7,69.4,103.3,158.1,104.5,116.8,61.2,45.1,50.5,779.4,482.7,1.98,3.0,NO
GUJARAT REGION,2005,10.6,7.5,17.0,22.1,32.4,65.4,104.1,85.4,75.1,45.8,20.3,33.3,519.0,330.0,1.15,3.0,NO
GUJARAT REGION,2006,13.0,12.3,12.1,30.6,49.0,113.9,122.8,144.9,84.0,59.8,42.3,48.8,733.5,465.6,1.77,3.0,NO
GUJARAT REGION,2007,18.9,22.7,27.7,37.1,39.6,202.0,243.6,200.9,162.0,120.9,51.3,55.1,1181.8,808.5,3.33,3.0,YES
GUJARAT REGION,2008,9.0,13.0,24.2,31.7,41.5,193.8,198.7,188.1,121.3,100.7,55.3,48.9,1026.2,701.9,3.07,3.0,NO
GUJARAT REGION,2009,19.8,28.3,25.7,37.2,55.5,193.4,245.4,204.7,146.1,88.7,75.9,60.8,1181.5,789.6,3.31,3.0,YES
GUJARAT REGION,2010,16.2,14.3,23.0,30.5,33.6,160.5,163.2,174.8,106.6,76.9,44.6,56.0,900.2,605.1,2.55,3.0,NO
GUJARAT REGION,2011,23.3,26.3,23.9,39.4,58.0,210.9,251.9,168.8,174.0,84.6,76.4,47.0,1184.5,805.6,3.57,3.0,YES
GUJARAT REGION,2012,22.2,22.8,25.4,44.1,45.3,131.8,221.4,117.7,152.9,80.8,67.2,46.1,977.7,623.8,2.66,3.0,YES
GUJARAT REGION,2013,17.2,17.8,27.4,30.4,67.6,183.7,314.4,178.0,152.6,92.4,71.4,63.7,1216.6,828.7,3.59,3.0,YES
GUJARAT REGION,2014,14.1,15.7,19.9,26.3,62.9,98.4,159.3,120.5,147.2,83.1,41.9,45.2,834.5,525.4,2.16,3.0,NO
GUJARAT REGION,2015,17.0,19.8,26.2,39.9,60.5,154.9,177.6,241.3,120.0,102.4,59.7,72.4,1091.7,693.8,2.8,3.0,YES
GUJARAT REGION,2016,12.8,10.9,18.4,17.2,46.1,106.1,111.9,168.2,86.1,82.8,42.2,53.9,756.6,472.3,1.97,3.0,NO
GUJARAT REGION,2017,12.3,12.6,17.9,31.7,35.1,108.7,164.2,147.9,100.3,62.9,30.4,31.1,755.1,521.1,2.14,3.0,NO
GUJARAT REGION,2018,15.0,11.9,20.1,30.4,40.4,153.4,185.9,154.9,155.8,55.3,50.4,46.6,920.1,650.0,2.59,3.0,NO
GUJARAT REGION,2019,12.2,15.6,19.0,16.9,33.0,116.0,138.4,65.4,124.4,66.9,37.1,44.5,689.4,444.2,1.62,3.0,NO
GUJARAT REGION,2020,18.3,21.5,24.6,35.1,58.1,103.8,196.1,140.5,136.9,79.8,60.5,49.1,924.3,577.3,1.91,3.0,NO
GUJARAT REGION,2021,15.9,17.4,31.9,36.4,58.4,169.5,199.2,144.4,77.3,81.0,67.1,47.9,946.4,590.4,2.56,3.0,NO
GUJARAT REGION,2022,13.5,18.6,25.9,42.3,36.2,126.5,208.2,212.7,138.9,81.1,64.8,57.2,1025.9,686.3,2.85,3.0,NO
GUJARAT REGION,2023,19.9,20.2,24.9,34.3,59.8,140.4,194.2,140.1,170.7,70.7,54.7,52.3,982.2,645.4,3.0,3.0,YES
MADHYA MAHARASHTRA,1980,9.0,15.5,8.2,19.0,54.4,106.4,100.9,115.2,94.0,68.8,53.0,36.9,681.3,416.5,1.63,2.9,NO
MADHYA MAHARASHTRA,1981,10.5,10.6,15.4,25.2,37.2,131.6,128.0,65.3,97.7,70.8,45.9,56.9,695.1,422.6,1.65,2.9,NO
MADHYA MAHARASHTRA,1982,12.3,12.6,20.4,24.9,46.9,114.8,130.3,170.5,124.6,68.4,50.9,42.3,818.9,540.2,2.22,2.9,YES
MADHYA MAHARASHTRA,1983,8.1,8.3,15.2,25.0,31.2,136.8,142.9,140.2,103.8,77.9,33.4,18.2,741.0,523.7,2.2,2.9,NO
MADHYA MAHARASHTRA,1984,13.9,19.7,23.7,35.5,40.5,103.1,217.2,157.9,110.1,70.8,46.9,40.2,879.5,588.3,2.41,2.9,NO
MADHYA MAHARASHTRA,1985,10.6,17.1,20.9,29.1,37.8,112.4,160.4,156.6,109.1,85.2,47.6,47.1,833.9,538.5,2.27,2.9,NO
MADHYA MAHARASHTRA,1986,15.1,17.7,24.0,29.2,41.9,141.9,182.2,140.1,149.5,67.4,47.8,59.9,916.7,613.7,2.85,2.9,NO
MADHYA MAHARASHTRA,1987,14.3,8.5,19.4,32.2,47.8,140.6,212.3,153.1,105.2,88.4,52.4,46.9,921.1,611.2,2.67,2.9,NO
MADHYA MAHARASHTRA,1988,7.0,9.1,10.8,20.5,31.8,72.4,91.0,86.4,69.2,44.7,29.2,27.4,499.5,319.0,1.32,2.9,NO
MADHYA MAHARASHTRA,1989,6.9,14.1,17.6,25.8,27.6,129.4,114.2,121.8,109.1,50.0,36.5,36.2,689.2,474.5,2.42,2.9,NO
MADHYA MAHARASHTRA,1990,21.0,22.1,23.6,47.9,46.2,214.7,226.3,105.2,151.1,115.6,66.0,67.5,1107.2,697.3,3.03,2.9,YES
MADHYA MAHARASHTRA,1991,13.3,14.9,26.9,26.1,51.2,129.2,120.4,117.5,123.5,107.5,58.3,31.6,820.4,490.6,1.64,2.9,NO
MADHYA MAHARASHTRA,1992,14.3,12.0,21.0,31.9,40.0,105.9,151.0,152.0,110.5,83.7,43.5,31.3,797.1,519.4,2.53,2.9,NO
MADHYA MAHARASHTRA,1993,10.8,13.3,17.0,25.4,39.8,109.1,79.8,170.9,99.4,72.5,32.9,34.7,705.6,459.2,1.83,2.9,NO
MADHYA MAHARASHTRA,1994,14.8,13.8,19.9,29.0,58.7,83.0,125.7,98.5,97.6,66.6,36.9,39.1,683.6,404.8,1.36,2.9,NO
MADHYA MAHARASHTRA,1995,14.3,16.5,18.2,22.5,38.8,127.8,195.1,180.7,138.5,69.3,53.5,43.5,918.7,642.1,2.84,2.9,NO
MADHYA MAHARASHTRA,1996,7.2,11.0,9.3,15.6,25.1,70.1,68.2,97.6,79.0,49.5,25.5,26.6,484.7,314.9,1.06,2.9,NO
MADHYA MAHARASHTRA,1997,15.8,14.6,26.7,27.4,44.6,121.9,180.8,211.5,159.9,101.9,49.8,48.5,1003.4,674.1,3.07,2.9,YES
MADHYA MAHARASHTRA,1998,11.1,11.6,17.9,31.0,36.7,121.0,144.0,88.7,77.3,52.7,34.9,35.2,662.1,431.0,1.87,2.9,NO
MADHYA MAHARASHTRA,1999,9.4,7.6,17.2,23.9,38.6,135.9,157.9,135.7,78.6,55.5,40.1,30.4,730.8,508.1,2.25,2.9,NO
MADHYA MAHARASHTRA,2000,9.8,9.8,9.2,18.6,30.9,91.3,95.6,107.7,77.5,36.8,24.0,33.5,544.7,372.1,1.65,2.9,NO
MADHYA MAHARASHTRA,2001,16.5,18.7,19.3,42.5,55.8,124.8,154.6,169.4,90.6,93.7,46.0,51.3,883.2,539.4,2.27,2.9,NO
MADHYA MAHARASHTRA,2002,8.3,13.7,17.7,21.1,31.0,94.7,129.6,84.4,78.2,34.3,40.9,40.4,594.3,386.9,1.57,2.9,NO
MADHYA MAHARASHTRA,2003,10.5,13.3,23.3,30.7,42.0,107.3,162.9,135.9,93.9,70.9,53.4,42.2,786.3,500.0,1.93,2.9,NO
MADHYA MAHARASHTRA,2004,4.8,5.5,8.9,13.4,22.9,43.8,72.8,62.8,33.6,41.9,15.4,19.4,345.2,213.0,0.72,2.9,NO
MADHYA MAHARASHTRA,2005,11.2,8.4,16.0,20.4,31.3,101.1,146.9,106.3,103.4,58.8,32.6,32.1,668.5,457.7,1.88,2.9,NO
MADHYA MAHARASHTRA,2006,13.2,10.9,14.9,31.9,39.7,129.4,183.4,114.2,88.4,99.1,54.0,40.7,819.8,515.4,2.08,2.9,NO
MADHYA MAHARASHTRA,2007,11.8,10.5,20.4,22.1,30.4,91.1,68.2,116.5,92.3,70.3,27.0,42.8,603.4,368.1,1.58,2.9,NO
MADHYA MAHARASHTRA,2008,15.7,11.7,25.0,26.7,34.3,102.5,168.6,132.1,132.5,53.8,32.8,57.5,793.2,535.7,2.45,2.9,NO
MADHYA MAHARASHTRA,2009,14.9,16.3,21.6,35.2,40.1,122.4,159.0,139.7,109.3,76.6,50.7,35.4,821.2,530.4,2.41,2.9,NO
MADHYA MAHARASHTRA,2010,10.8,14.5,11.7,30.8,36.6,134.2,131.7,131.6,142.8,64.9,55.7,39.7,805.0,540.3,2.41,2.9,NO
MADHYA MAHARASHTRA,2011,13.0,14.6,21.8,35.2,52.1,161.4,231.5,142.3,119.9,65.8,80.8,54.1,992.5,655.1,3.01,2.9,YES
MADHYA MAHARASHTRA,2012,13.9,14.6,25.3,42.0,38.7,100.3,135.6,191.2,140.9,74.4,51.2,37.6,865.7,568.0,2.62,2.9,NO
MADHYA MAHARASHTRA,2013,12.7,13.2,18.2,26.7,47.9,143.2,160.0,152.6,102.8,59.8,51.1,40.8,829.0,558.6,2.23,2.9,NO
MADHYA MAHARASHTRA,2014,12.2,20.5,24.4,39.2,51.8,132.2,142.0,157.6,126.1,61.0,48.7,44.0,859.7,557.9,2.5,2.9,NO
MADHYA MAHARASHTRA,2015,12.7,13.6,9.5,25.0,51.5,79.2,151.9,176.3,94.7,70.6,36.0,52.7,773.7,502.1,2.14,2.9,NO
MADHYA MAHARASHTRA,2016,19.8,17.9,26.1,45.0,57.7,106.0,222.3,151.7,213.5,109.7,59.3,53.7,1082.7,693.5,2.86,2.9,YES
MADHYA MAHARASHTRA,2017,19.3,18.7,22.6,29.6,41.8,182.4,168.4,221.7,160.7,56.7,48.5,42.0,1012.4,733.2,3.33,2.9,YES
MADHYA MAHARASHTRA,2018,15.2,23.6,35.0,44.1,70.7,148.4,244.1,240.9,186.9,125.1,94.9,76.6,1305.5,820.3,3.8,2.9,YES
MADHYA MAHARASHTRA,2019,12.3,16.1,19.6,24.9,37.0,87.3,155.9,110.2,98.3,71.6,39.0,47.6,719.8,451.7,2.0,2.9,NO
MADHYA MAHARASHTRA,2020,11.3,10.8,14.8,29.3,44.0,110.9,152.9,77.8,120.1,66.5,48.9,38.4,725.7,461.7,1.95,2.9,NO
MADHYA MAHARASHTRA,2021,12.1,17.8,15.3,27.0,64.4,110.1,155.7,126.0,127.1,66.8,49.6,51.3,823.2,518.9,2.13,2.9,NO
MADHYA MAHARASHTRA,2022,13.9,14.4,30.9,32.5,45.4,95.2,145.5,171.4,142.7,88.8,53.4,31.4,865.5,554.8,2.49,2.9,NO
MADHYA MAHARASHTRA,2023,9.1,11.5,16.9,22.2,35.0,69.4,108.4,74.1,52.0,59.3,30.2,35.0,523.1,303.9,1.29,2.9,NO
EAST UTTAR PRADESH,1980,14.5,13.2,28.1,35.2,55.6,216.0,151.4,205.5,126.3,115.1,69.5,61.0,1091.4,699.2,2.62,3.4,NO
EAST UTTAR PRADESH,1981,21.9,21.6,23.2,41.0,87.3,163.1,265.1,167.6,153.5,110.5,71.0,49.5,1175.3,749.3,2.88,3.4,NO
EAST UTTAR PRADESH,1982,24.0,30.0,32.2,41.5,85.9,205.6,196.5,179.0,191.5,109.5,75.0,77.9,1248.6,772.6,3.26,3.4,NO
EAST UTTAR PRADESH,1983,10.7,13.9,12.4,21.2,32.0,99.7,168.3,163.6,81.9,67.5,45.3,38.1,754.6,513.5,1.98,3.4,NO
EAST UTTAR PRADESH,1984,24.4,19.8,38.9,55.2,79.0,237.2,267.0,246.5,194.5,77.9,80.4,62.2,1383.0,945.2,3.74,3.4,YES
EAST UTTAR PRADESH,1985,18.8,20.3,33.1,51.9,58.9,182.2,276.3,143.4,174.3,104.5,73.7,59.5,1196.9,776.2,3.17,3.4,NO
EAST UTTAR PRADESH,1986,15.3,23.7,21.8,45.0,53.4,185.6,209.1,179.0,134.1,77.4,59.0,58.6,1062.0,707.8,2.82,3.4,NO
EAST UTTAR PRADESH,1987,18.4,22.4,38.4,55.6,63.0,166.2,264.4,290.6,220.0,90.8,74.4,56.4,1360.6,941.2,3.88,3.4,YES
EAST UTTAR PRADESH,1988,9.2,13.3,22.9,33.8,51.6,152.7,112.7,184.6,114.8,88.5,39.7,45.2,869.0,564.8,2.19,3.4,NO
EAST UTTAR PRADESH,1989,11.9,11.4,21.6,31.5,53.5,103.6,175.2,172.2,77.9,79.0,55.6,39.2,832.6,528.9,1.77,3.4,NO
EAST UTTAR PRADESH,1990,12.1,14.8,23.4,25.8,40.1,122.6,186.4,205.2,84.7,79.0,40.1,51.1,885.3,598.9,2.15,3.4,NO
EAST UTTAR PRADESH,1991,14.2,18.2,26.0,33.5,40.1,157.1,180.2,202.6,117.0,61.3,57.1,61.4,968.7,656.9,2.61,3.4,NO
EAST UTTAR PRADESH,1992,16.7,12.4,18.4,32.6,31.0,150.8,178.8,172.0,130.3,73.9,41.0,42.9,900.8,631.9,2.3,3.4,NO
EAST UTTAR PRADESH,1993,22.0,22.3,33.8,38.4,58.3,182.4,204.9,212.6,131.3,87.8,77.5,69.9,1141.2,731.2,2.76,3.4,NO
EAST UTTAR PRADESH,1994,15.0,22.6,28.6,40.0,73.9,126.5,156.2,152.2,133.5,51.8,57.7,46.9,904.9,568.4,2.3,3.4,NO
EAST UTTAR PRADESH,1995,16.4,20.1,21.3,31.5,32.6,115.2,162.7,175.3,114.8,80.7,46.2,53.0,869.8,568.0,2.24,3.4,NO
EAST UTTAR PRADESH,1996,9.7,14.2,20.6,28.9,49.7,162.3,194.0,128.2,139.9,89.4,45.7,53.4,936.0,624.4,2.4,3.4,NO
EAST UTTAR PRADESH,1997,16.0,17.7,25.4,31.2,62.5,147.3,200.3,190.6,113.5,77.3,37.0,58.6,977.4,651.7,2.35,3.4,NO
EAST UTTAR PRADESH,1998,15.1,12.8,22.4,41.2,65.2,154.7,182.6,129.8,143.2,79.2,59.8,41.7,947.7,610.3,2.33,3.4,NO
EAST UTTAR PRADESH,1999,15.2,15.0,17.6,42.0,73.9,145.3,134.2,139.7,141.8,103.6,43.5,47.2,919.0,561.0,2.16,3.4,NO
EAST UTTAR PRADESH,2000,8.8,16.3,24.5,28.1,48.1,108.2,131.4,169.2,122.2,79.9,62.2,34.4,833.3,531.0,1.9,3.4,NO
EAST UTTAR PRADESH,2001,13.1,13.3,15.7,27.1,43.4,129.6,155.7,145.0,113.3,66.5,40.0,41.9,804.6,543.6,1.99,3.4,NO
EAST UTTAR PRADESH,2002,17.3,19.9,25.5,28.1,54.8,153.2,205.3,196.9,169.3,81.7,54.6,68.0,1074.6,724.7,3.03,3.4,YES
EAST UTTAR PRADESH,2003,13.5,16.7,25.0,46.9,52.3,149.3,121.7,146.9,157.3,88.8,16.6,53.6,888.6,575.2,2.52,3.4,NO
EAST UTTAR PRADESH,2004,8.3,23.3,27.6,22.4,65.8,193.8,224.2,214.2,143.5,66.3,74.7,75.7,1139.8,775.7,3.33,3.4,NO
EAST UTTAR PRADESH,2005,9.5,9.6,18.9,28.1,30.6,123.9,157.9,118.3,101.7,43.8,42.3,39.0,723.6,501.8,1.88,3.4,NO
EAST UTTAR PRADESH,2006,14.6,19.4,30.2,35.2,59.5,143.3,171.7,195.8,128.8,98.4,61.7,50.3,1008.9,639.6,2.45,3.4,NO
EAST UTTAR PRADESH,2007,12.5,14.7,22.6,24.8,57.7,105.7,125.3,112.4,75.4,89.9,58.5,45.1,744.6,418.8,1.31,3.4,NO
EAST UTTAR PRADESH,2008,14.6,23.1,28.5,49.9,58.6,137.4,172.5,119.2,135.7,110.7,67.8,53.2,971.2,564.8,1.98,3.4,NO
EAST UTTAR PRADESH,2009,19.3,22.1,25.5,48.3,28.6,184.9,331.6,152.1,159.8,107.2,65.6,73.6,1218.6,828.4,3.47,3.4,YES
EAST UTTAR PRADESH,2010,19.4,36.4,33.1,46.6,49.0,168.4,295.1,171.1,110.2,116.5,96.3,67.5,1209.6,744.8,2.94,3.4,NO
EAST UTTAR PRADESH,2011,18.9,13.8,33.9,44.9,74.6,180.6,239.4,215.7,182.5,68.2,49.4,50.8,1172.7,818.2,3.32,3.4,YES
EAST UTTAR PRADESH,2012,21.5,25.9,25.2,43.6,55.7,167.3,240.1,80.8,239.8,118.4,64.0,83.6,1165.9,728.0,2.86,3.4,NO
EAST UTTAR PRADESH,2013,17.4,15.8,22.9,38.0,54.2,128.1,203.4,227.4,132.0,82.0,55.2,57.3,1033.7,690.9,2.64,3.4,NO
EAST UTTAR PRADESH,2014,9.7,13.4,20.3,37.8,49.4,99.3,135.3,179.0,138.0,74.2,45.3,51.3,853.0,551.6,1.92,3.4,NO
EAST UTTAR PRADESH,2015,23.5,23.4,40.6,48.4,62.3,246.8,344.9,249.7,197.2,112.5,88.2,70.6,1508.1,1038.6,4.21,3.4,YES
EAST UTTAR PRADESH,2016,19.7,24.8,33.9,38.5,68.6,164.2,243.9,221.0,155.1,81.5,73.3,59.6,1184.1,784.2,2.86,3.4,NO
EAST UTTAR PRADESH,2017,29.5,22.6,30.5,37.8,77.0,202.8,218.9,228.7,121.6,141.7,69.7,69.7,1250.5,772.0,2.88,3.4,NO
EAST UTTAR PRADESH,2018,13.7,17.9,28.8,36.3,59.1,167.3,191.8,159.2,151.5,98.3,61.3,35.1,1020.3,669.8,2.5,3.4,NO
EAST UTTAR PRADESH,2019,18.0,26.1,37.2,51.1,80.4,141.7,248.1,187.3,118.3,102.5,89.3,67.7,1167.7,695.4,3.11,3.4,NO
EAST UTTAR PRADESH,2020,20.0,23.4,24.9,54.3,64.7,165.8,302.5,273.6,218.0,108.9,76.9,66.6,1399.6,959.9,4.14,3.4,YES
EAST UTTAR PRADESH,2021,18.5,19.0,21.7,36.5,65.3,179.0,209.4,159.6,122.2,90.2,70.9,50.9,1043.2,670.2,2.72,3.4,YES
EAST UTTAR PRADESH,2022,12.1,15.3,27.1,27.7,45.9,101.3,177.5,180.4,149.7,77.2,54.8,41.8,910.8,608.9,2.45,3.4,NO
EAST UTTAR PRADESH,2023,14.6,18.4,22.4,31.7,68.1,204.5,141.0,128.3,109.8,83.7,66.0,54.5,943.0,583.6,2.27,3.4,NO
ODISHA,1980,20.1,25.1,25.0,38.7,61.4,230.8,277.7,271.9,131.1,92.3,94.0,36.4,1304.5,911.5,3.05,3.9,NO
ODISHA,1981,22.1,37.6,69.3,36.3,108.7,171.8,359.3,295.9,251.6,132.1,120.2,67.5,1672.4,1078.6,3.67,3.9,NO
ODISHA,1982,21.9,20.2,38.1,48.4,53.4,161.9,220.1,252.9,171.2,105.3,65.6,58.4,1217.4,806.1,2.67,3.9,YES
ODISHA,1983,20.9,25.1,29.0,47.0,108.3,216.5,332.0,150.3,239.3,135.5,85.0,83.3,1472.2,938.1,2.81,3.9,NO
ODISHA,1984,27.8,30.2,36.7,45.8,101.7,332.7,350.2,233.7,259.0,158.5,123.3,102.5,1802.1,1175.6,3.21,3.9,NO
ODISHA,1985,15.8,24.6,37.9,34.8,87.5,232.9,270.6,208.6,162.9,150.6,61.7,87.5,1375.4,875.0,2.64,3.9,NO
ODISHA,1986,17.9,24.5,23.2,46.7,68.4,156.9,268.3,129.3,182.0,142.2,92.4,68.1,1219.9,736.5,2.1,3.9,NO
ODISHA,1987,26.3,24.5,45.3,77.3,86.8,175.3,229.7,318.2,220.9,166.2,86.5,95.4,1552.4,944.1,2.9,3.9,NO
ODISHA,1988,18.3,38.0,38.2,60.7,77.2,182.7,282.8,325.9,197.2,117.9,95.8,88.1,1522.8,988.6,3.42,3.9,NO
ODISHA,1989,30.1,25.4,36.7,50.1,74.3,294.7,355.4,315.6,132.7,219.2,89.5,126.6,1750.3,1098.4,3.22,3.9,NO
ODISHA,1990,16.7,15.1,21.1,27.5,65.5,171.0,263.4,160.3,152.1,72.2,58.9,49.3,1073.1,746.8,2.29,3.9,NO
ODISHA,1991,20.7,34.6,40.4,53.7,78.2,212.4,406.6,300.9,235.3,139.7,140.8,104.6,1767.9,1155.2,3.58,3.9,NO
ODISHA,1992,22.3,22.8,39.0,63.9,60.8,167.2,251.1,233.4,275.5,153.7,101.6,71.7,1463.0,927.2,2.81,3.9,NO
ODISHA,1993,27.8,37.8,41.0,58.2,96.7,287.0,238.3,338.0,237.9,124.2,63.9,86.5,1637.3,1101.2,3.8,3.9,NO
ODISHA,1994,33.5,29.5,48.4,53.1,82.5,210.4,197.5,356.2,204.6,127.3,78.1,82.8,1503.9,968.7,3.37,3.9,NO
ODISHA,1995,14.4,15.1,30.3,37.8,50.1,151.0,178.5,232.1,158.1,103.7,32.1,52.8,1056.0,719.7,2.5,3.9,NO
ODISHA,1996,16.2,16.2,37.5,41.9,54.4,167.4,115.7,161.6,161.7,119.0,44.8,55.6,992.0,606.4,1.87,3.9,NO
ODISHA,1997,21.5,33.4,34.0,48.1,90.0,156.5,258.6,227.7,193.5,147.1,93.5,63.8,1367.7,836.3,2.56,3.9,NO
ODISHA,1998,17.3,19.6,27.8,27.8,77.7,140.5,253.4,175.0,139.9,123.5,79.6,60.7,1142.8,708.8,2.2,3.9,NO
ODISHA,1999,16.5,26.1,27.3,55.4,64.8,181.7,269.6,219.4,165.4,111.7,86.9,57.2,1282.0,836.1,2.5,3.9,NO
ODISHA,2000,22.3,36.1,36.8,50.7,80.6,167.4,233.8,239.4,255.1,135.3,82.8,96.0,1436.3,895.7,3.05,3.9,NO
ODISHA,2001,15.0,26.3,28.7,36.6,68.3,188.3,187.4,200.0,179.6,78.3,66.1,45.7,1120.3,755.3,2.04,3.9,NO
ODISHA,2002,19.0,21.4,33.9,37.3,79.6,234.6,251.8,226.6,200.8,76.8,88.4,108.9,1379.1,913.8,2.79,3.9,NO
ODISHA,2003,28.5,31.0,22.4,56.5,117.9,236.2,220.5,269.4,157.8,161.1,72.8,77.2,1451.3,883.9,2.54,3.9,NO
ODISHA,2004,24.8,26.2,32.2,37.6,69.1,239.7,362.3,255.0,291.0,127.0,93.1,67.9,1625.9,1148.0,3.88,3.9,YES
ODISHA,2005,19.5,11.6,22.1,40.5,38.3,150.6,218.4,167.2,145.0,111.7,76.4,48.4,1049.7,681.2,1.85,3.9,NO
ODISHA,2006,16.7,25.3,37.5,46.9,85.2,312.5,274.0,237.8,244.1,138.4,111.4,78.9,1608.7,1068.4,3.35,3.9,NO
ODISHA,2007,11.6,22.2,21.7,49.4,63.7,159.7,185.6,224.2,137.9,85.3,83.9,63.7,1108.9,707.4,2.0,3.9,NO
ODISHA,2008,21.6,20.6,46.1,42.1,94.6,188.3,292.5,266.3,227.0,102.7,96.3,93.1,1491.2,974.1,2.99,3.9,NO
ODISHA,2009,18.7,31.3,27.2,38.6,94.3,214.3,348.9,213.7,190.3,105.4,81.8,47.0,1411.5,967.2,3.15,3.9,NO
ODISHA,2010,20.9,22.6,42.3,41.4,89.9,298.2,360.6,191.0,189.4,145.0,88.7,58.2,1548.2,1039.2,3.36,3.9,NO
ODISHA,2011,30.2,46.0,40.7,60.2,131.2,365.9,332.0,371.1,222.1,183.8,145.8,101.2,2030.2,1291.1,4.17,3.9,YES
ODISHA,2012,27.4,25.3,28.5,45.9,54.4,164.6,328.5,236.8,260.6,122.8,82.8,80.5,1458.1,990.5,2.58,3.9,NO
ODISHA,2013,29.5,32.7,30.8,66.4,81.2,188.1,304.8,261.2,277.0,148.0,96.4,93.6,1609.7,1031.1,3.47,3.9,NO
ODISHA,2014,28.8,32.1,52.9,59.6,95.7,328.7,424.7,302.4,222.5,196.7,118.8,95.1,1958.0,1278.3,4.11,3.9,YES
ODISHA,2015,19.8,27.5,39.2,48.8,95.6,267.2,333.8,248.7,237.9,136.5,69.8,87.2,1612.0,1087.6,3.49,3.9,NO
ODISHA,2016,38.0,42.3,57.8,64.5,84.9,274.7,423.4,244.3,283.8,193.3,129.6,103.0,1939.6,1226.2,3.91,3.9,NO
ODISHA,2017,24.7,32.6,45.6,55.3,86.9,314.4,322.2,257.8,254.8,168.6,71.0,94.7,1728.6,1149.2,3.86,3.9,NO
ODISHA,2018,37.1,45.8,75.9,80.3,114.3,344.1,345.1,360.2,249.8,194.8,106.9,92.0,2046.3,1299.2,4.33,3.9,YES
ODISHA,2019,10.8,13.9,20.4,36.6,55.6,168.0,209.7,202.9,151.0,90.8,69.9,58.9,1088.5,731.6,2.21,3.9,NO
ODISHA,2020,14.7,17.6,31.2,46.5,42.1,188.2,155.2,143.9,138.8,87.8,44.7,60.1,970.8,626.1,1.88,3.9,NO
ODISHA,2021,21.5,25.9,47.1,24.8,65.8,209.8,221.0,241.2,197.8,114.7,87.7,83.7,1341.0,869.8,2.61,3.9,NO
ODISHA,2022,20.3,16.7,36.6,43.5,91.3,216.9,311.1,193.6,176.7,94.5,70.8,86.2,1358.2,898.3,3.05,3.9,NO
ODISHA,2023,19.9,26.8,23.0,33.5,80.6,126.8,235.3,242.5,202.6,118.1,75.5,80.7,1265.3,807.2,2.48,3.9,NO
